MzI1ODgx;QjJD;0JPQvtGB0YPQtNCw0YDRgdGC0LLQtdC90L3Ri9C1INC4INC80YPQvdC40YbQuNC/0LDQu9GM0L3Ri9C1INGD0YfRgNC10LbQtNC10L3QuNGPOiDRg9GH0LXRgiDQsiAiMdChOtCR0YPRhdCz0LDQu9GC0LXRgNC40Lgg0LPQvtGB0YPQtNCw0YDRgdGC0LLQtdC90L3QvtCz0L4g0YPRh9GA0LXQttC00LXQvdC40Y8gOCIg0L3QsCDQv9GA0LDQutGC0LjRh9C10YHQutC40YUg0L/RgNC40LzQtdGA0LDRhS4g0KPRh9C10LHQvdGL0LUg0LzQsNGC0LXRgNC40LDQu9GLICIx0KE60JHRg9GF0LPQsNC70YLQtdGA0YHQutC40Lkg0Lgg0L3QsNC70L7Qs9C+0LLRi9C5INC60L7QvdGB0LDQu9GC0LjQvdCzIg==;
MzI1ODgz;QjJD;0JPQvtGB0YPQtNCw0YDRgdGC0LLQtdC90L3Ri9C1INC4INC80YPQvdC40YbQuNC/0LDQu9GM0L3Ri9C1INGD0YfRgNC10LbQtNC10L3QuNGPOiDRg9GH0LXRgiDQsiAiMdChOtCR0YPRhdCz0LDQu9GC0LXRgNC40Lgg0LPQvtGB0YPQtNCw0YDRgdGC0LLQtdC90L3QvtCz0L4g0YPRh9GA0LXQttC00LXQvdC40Y8gOCIg0L3QsCDQv9GA0LDQutGC0LjRh9C10YHQutC40YUg0L/RgNC40LzQtdGA0LDRhS4g0KPRh9C10LHQvdGL0LUg0LzQsNGC0LXRgNC40LDQu9GLICIx0KE60JHRg9GF0LPQsNC70YLQtdGA0YHQutC40Lkg0Lgg0L3QsNC70L7Qs9C+0LLRi9C5INC60L7QvdGB0LDQu9GC0LjQvdCzIg==;
NDY5ODk5;QjJD;0JrQvtGI0LXQu9GR0Log0LzRg9C20YHQutC+0Lk=;
NDYyMTgz;QjJD;0Jw10JLQog==;
NDkzODI5;QjJD;0J/QvtC20LDRgNC90L4t0YHQv9Cw0YHQsNGC0LXQu9GM0L3Ri9C5INC60L7QvNC/0LvQtdC60YEgItCe0LPQvdC10LHQvtGA0LXRhiA1NzDQlC0wNCI=;
NDkzODMx;QjJD;0J/QvtC20LDRgNC90L4t0YHQv9Cw0YHQsNGC0LXQu9GM0L3Ri9C5INC60L7QvNC/0LvQtdC60YEgItCe0LPQvdC10LHQvtGA0LXRhiAxMjAw0JQi;
NDY5NDYy;QjJD;0J7QsdC+0Lg=;
NDY5NDY1;QjJD;0KHQstC10YI=;
NDY5NDY2;QjJD;0JzQvtC30LDQuNC60LA=;
NDY5NDY3;QjJD;INCf0LvQuNGC0LrQsA==;
NDY5ODk4;QjJD;0JTQtdC60L7RgNCw0YLQuNCy0L3Ri9C1INC90LDRgdGC0LXQvdC90YvQtSDRh9Cw0YHRiw==;
NDgxOTAx;QjJD;0JzQtdGC0LDQu9C70L7Rh9C10YDQtdC/0LjRhtCw;
NDk4OTk3;QjJD;0KjRgtC+0YDRiw==;
NDk5MjE5;QjJD;0LTQuNC30LDQudC9INC40L3RgtC10YDRjNC10YDQsA==;
NDczMzI3;QjJD;0JvQvtC/0LDRgtGLINC00LvRjyDRgdC90LXQs9CwIDQ0MNGFNDYwINC4IDM0MNGFNDM1INC+0YIgV0FWRSAtIElTTyA5MDAxLiA=;
NDY5ODg5;QjJD;0JHQvtC60LDQu9GLINC00LvRjyDQstC40L3QsA==;
MjUzODM3;QjJD;0KHRg9GF0L7QuSDQsdCw0YHRgdC10LnQvSDQkNCbIDIxNi8yMTbRgA==;
MjUzODQw;QjJD;0KHRg9GF0L7QuSDQsdCw0YHRgdC10LnQvSDQkNCbIDI1Ny8yNTfRgA==;
MjUzODQz;QjJD;0KHRg9GF0L7QuSDQsdCw0YHRgdC10LnQvSDRgSDQs9C+0YDQutC+0Lkg0JDQmyAyNzEvMg==;
MjUzODUw;QjJD;0KHRg9GF0L7QuSDQsdCw0YHRgdC10LnQvSDRg9Cz0LvQvtCy0L7QuSDQkNCbIDI4MtGA;
MjUzODU1;QjJD;0JTQuNC00LDQutGC0LjRh9C10YHQutCw0Y8g0YfQtdGA0LXQv9Cw0YXQsCDQkNCbIDIyOA==;
MzExODkz;QjJD;0JTQuNC00LDQutGC0LjRh9C10YHQutC40Lkg0L3QsNCx0L7RgCDCq9CT0L7Qu9C+0LLQsNGB0YLQuNC6wrsg0JDQmyAyNDg=;
MzExODk0;QjJD;0JzQvtC00YPQu9GM0L3Ri9C5INC60L7QvNC/0LvQtdC60YEgwqvQl9Cw0LHQsNCy0LAtOMK7INCQ0JsgMjc5Lzg=;
MzExODk1;QjJD;0JzQvtC00YPQu9GM0L3Ri9C5INC60L7QvNC/0LvQtdC60YEgwqvQl9Cw0LHQsNCy0LAtMcK7INCQ0JsgMjc5LzE=;
MzExODk2;QjJD;0JPQuNC80L3QsNGB0YLQuNGH0LXRgdC60LjQtSDQv9Cw0LvQvtGH0LrQuCDQkNCbIDQwMw==;
MzExODk3;QjJD;0JzQvtC00YPQu9GM0L3Ri9C5INC60L7QvNC/0LvQtdC60YEgwqvQl9Cw0LHQsNCy0LAtOcK7INCQ0JsgMjc5Lzk=;
NDcwMzU0;QjJD;0JLQtdCxIC0g0LrQsNC80LXRgNCwICBMb2dpdGVjaA==;
NDc0Nzk2;QjJD;Q0FOT04gICBBMTMwMChTTCk=;
NDc0ODAw;QjJD;Q2Fub24gUG93ZXJTaG90IEEzNDAwIElT;
NDc0ODY0;QjJD;TklLT04gICBENTIwMCAxOC01NVZSIEtJVA==;
NDY5Mzgw;QjJD;TGVub3ZvIEI1OTA=;
NDY5Mzg0;QjJD;U2Ftc3VuZyBOUDM1NVY1Qw==;
NDY5Mzg1;QjJD;U2Ftc3VuZyBYRTcwMFQxQw==;
NDY5Mzg2;QjJD;RnVqaXRzdSBMQiBBSDUxMiBHTA==;
NDY5Mzg3;QjJD;U2Ftc3VuZyBOUDc3MFo1RQ==;
NDY5Mzg4;QjJD;0J3QvtGD0YLQsdGD0LogQWNlciBBc3BpcmUgRTEtNTMx;
NDcwMzE3;QjJD;0KLQvtC90LDQu9GM0L3Ri9C5INC60YDQtdC8IA==;
NDcwMjgx;QjJD;0JHQu9C10YHQuiDQtNC70Y8g0LPRg9Cx;
NDcwMzI4;QjJD;0J3QsNGC0YPRgNCw0LvRjNC90L7QtSDQvNGL0LvQviDQtNC70Y8g0YDRg9C6;
NDU5Mjk2;QjJD;0K3Qm9CV0JrQotCg0J7QndCQ0JPQoNCV0JLQkNCi0JXQm9CYINCl0J7QnNCj0KLQntCS0KvQlSAo0KXQnSk=;
NDY4OTE2;QjJD;0JzQsNGI0LjQvdCwINGI0LLQtdC50L3QsNGPINC60LvQsNGB0YHQsCAxMC3QkdCc;
NDY4OTE4;QjJD;0JzQsNGI0LjQvdCwINGI0LLQtdC50L3QsNGPINC60LvQsNGB0YHQsCA0NjM4;
NDY4OTE5;QjJD;0JzQsNGI0LjQvdCwINGI0LLQtdC50L3QsNGPINC60LvQsNGB0YHQsCA0NjM40JA=;
NDY4OTIw;QjJD;0KPRgdGC0LDQvdC+0LLQutCwINC00LvRjyDQt9Cw0YjQuNCy0LAg0LzQtdGI0LrQvtCyINC60LsuMTM4;
NDY4OTIy;QjJD;0JPQvtC70L7QstC60LAg0YjQstC10LnQvdCw0Y8g0L/RgNC+0LzRi9GI0LvQtdC90L3QsNGPIDM4INC60LsuINCQ;
NDcwMjAw;QjJD;0JrQvtC90LTQuNGG0LjQvtC90LXRgNGL;
NDcwMjAx;QjJD;0JPQtdC90LXRgNCw0YLQvtGA0Ys=;
NDcwMjAy;QjJD;0JzQsNGB0LvQsA==;
NDcwMjAz;QjJD;0KHQstCw0YDQvtGH0L3Ri9C1INCw0L/Qv9Cw0YDQsNGC0Ys=;
NDY3ODEz;QjJD;0JrQsNGC0LXRgCBTaWx2ZXIgSGF3ayBEQy01MjA=;
NDY3ODE1;QjJD;0JrQsNGC0LXRgCBTaWx2ZXIgRG9yYWRvIDU0MA==;
NDY3ODE2;QjJD;0JrQsNGC0LXRgCBCRVJLVVQgTS1IVA==;
NDY3ODE3;QjJD;0JrQsNGC0LXRgCBXeWF0Ym9hdC0z0KM=;
NDY3ODI0;QjJD;0JrQsNGC0LXRgCBERUxUQSA0NDA=;
NDY3ODI1;QjJD;0JHQsNC50LTQsNGA0LrQsCDQodCy0LjRgNGM;
NDY3ODI2;QjJD;0JrQkNCi0JXQoCBCRUxMQSA1MzAgRVhDRUw=;
NDY5ODk3;QjJD;0J3QsNGD0YjQvdC40LrQuCBTb3VuZE1hZ2lj;
NDcxMjUy;QjJD;0JrQvtC70YzRhtCw;
NDcxMjUz;QjJD;0KHQtdGA0YzQs9C4;
NDcxMjU0;QjJD;0J/QvtC00LLQtdGB0LrQuA==;
NDcxMjU2;QjJD;0J/QvtC00LLQtdGB0LrQuA==;
NDcxMjU4;QjJD;0JfQsNC/0L7QvdC60Lg=;
MzEzMzE0;QjJD;0JDRgdC/0LXRgtC4INCd0YPRgA==;
MzEzMzE1;QjJD;0JDRgNGG0YDRg9C90Lgg0JrQuNGI0LzQuNGI;
MzEzMzMw;QjJD;0J3QsNC90LDRgA==;
MzEzMzQw;QjJD;0KfRkdGA0L3Ri9C5INCa0LjRiNC80LjRiCA=;
MzI3NDAz;QjJD;INCa0L7QvdC00LjRgtC10YDRgdC60LjQtSDQv9GA0L7QtNGD0LrRgtGL;
MzI3NzE3;QjJD;0JDRgNCwINCU0LbQsNC9;
MzI3NzQz;QjJD;0JDRgdC/0LXRgtC4;
MzI3NzQ2;QjJD;0JrQvtC90YzRj9C6INCm0LDRgNC40YbQsCDQotCw0LzQsNGA0LAg;
MzI3NzQ3;QjJD;0JDRgdC/0LXRgtC4IA==;
MzI3NzQ4;QjJD;0JDRgdC/0LXRgtC4IA==;
NDQzODYy;QjJD;0KHQuNGB0YLQtdC80LAg0YPQv9GA0LDQstC70LXQvdC40Y8g0L3QsNGB0L7RgdC+0Lwg0LPQu9GD0LHQuNC90L3Ri9C8INGBINC/0YDQtdC+0LHRgNCw0LfQvtCy0LDRgtC10LvQtdC8INGH0LDRgdGC0L7RgtGLICjQodCj0J3Qky3Qn9CnKQ==;
NDQzODY5;QjJD;Q9GC0LDQvdGG0LjQuCDRg9C/0YDQsNCy0LvQtdC90LjRjyDQuCDQt9Cw0YnQuNGC0YsgKNCh0KPQlyk=;
NDQzODcw;QjJD;0KfQsNGB0YLQvtGC0L3Ri9C5INC/0YDQtdC+0LHRgNCw0LfQvtCy0LDRgtC10LvRjCBWTFTCriBNaWNybyBEcml2ZQ==;
NDQzODcx;QjJD;0KfQsNGB0YLQvtGC0L3Ri9C5INC/0YDQtdC+0LHRgNCw0LfQvtCy0LDRgtC10LvRjCBEYW5mb3NzIFZMVMKuIEhWQUMgRHJpdmU=;
NDQzODcz;QjJD;0J3QuNC30LrQvtCy0L7Qu9GM0YLQvdGL0LUg0L/RgNC10L7QsdGA0LDQt9C+0LLQsNGC0LXQu9C4INGH0LDRgdGC0L7RgtGL;
NDYyMDU2;QjJD;0JTQstGD0YLQsNCy0YA=;
NDczNTQx;QjJD;U29sdmFj;
NDc0ODE4;QjJD;0KHQuNGB0YLQtdC80LAg0L/QuNC70L7RgtC90L7Qs9C+INC80YPQu9GM0YLQuNGI0LvQsNC90LPQvtCy0L7Qs9C+INGD0L/RgNCw0LLQu9C10L3QuNGPIFNQVS1PSEU=;
NDQ2MDEy;QjJD;0JHQsNGB0LrQtdGC0LHQvtC7INCY0LPRgNC+0LLQsNGPINGE0L7RgNC80LA=;
NDY3Nzc3;QjJD;0JrRg9C70LjRgCDQttCw0YLQutCw;
NDY3Nzc4;QjJD;0JrRg9C70LjRgCDQttCw0YLQutCw;
NDY3Nzc5;QjJD;0JjQvdGC0LXRgNC70L7Qug==;
NDY3Nzgw;QjJD;0JjQvdGC0LXRgNC70L7Qug==;
NDY3Nzg0;QjJD;0JfQuNC80LA=;
NDY3Nzg2;QjJD;0JLQtdC70Y7RgA==;
NDY3Nzg4;QjJD;0JLQtdC70Y7RgA==;
NDY3Nzkw;QjJD;0J7RgdC10L3RjC3Ql9C40LzQsCAyMDEzLTIwMTQ=;
NDY3Nzky;QjJD;0J7RgdC10L3RjC3Ql9C40LzQsCAyMDEzLTIwMTQ=;
NDY5ODg2;QjJD;0KjQtdC70LrQvtCy0YvQuSDQs9Cw0LvRgdGC0YPQug==;
NDcwMjg4;QjJD;TGVhdGhlcm1hbiBTa2VsZXRvb2w=;
NDcwNTUz;QjJD;0JzRg9C20YHQutCw0Y8g0LrQvtC70LvQtdC60YbQuNGP;
NDcxMDM2;QjJD;0KbQtdC/0L7Rh9C60Lgg0YHQtdGA0LXQsdGA0L4=;
NDcxMDM3;QjJD;0KbQtdC/0L7Rh9C60Lgg0LfQvtC70L7RgtC+;
NDcxMDM4;QjJD;0KHQtdGA0YzQs9C4INGB0LXRgNC10LHRgNC+;
NDcxMDM5;QjJD;0KHQtdGA0YzQs9C4INC30L7Qu9C+0YLQvg==;
NDcxMDQx;QjJD;0J/QvtC00LLQtdGB0Ysg0YHQtdGA0LXQsdGA0L4=;
NDcxMDQz;QjJD;0J/QvtC00LLQtdGB0Ysg0LfQvtC70L7RgtC+IA==;
NDcxMDQ2;QjJD;0JrQvtC70YzRhtCwINGB0LXRgNC10LHRgNC+;
NDQzMTEx;QjJD;SHl1bmRhaSBIRC0xMjAgLyDQkNC80L7RgNGC0LjQt9Cw0YLQvtGAINC30LDQtNC90LjQuSBIRC0xMjA=;
NDQzMTEy;QjJD;SHl1bmRhaSBIRC0xMjAgLyDQkdCw0YDQsNCx0LDQvSDRgtC+0YDQvNC+0LfQvdC+0Lkg0LfQsNC00L3QuNC5IEhEMTIw;
NDQzMTEz;QjJD;SHl1bmRhaSBIRC0xMjAgLyDQktGL0LbQuNC80L3QvtC5INC/0L7QtNC40L/QvdC40LogSEQxMjA=;
NDQzMTE1;QjJD;0JDQvNC+0YDRgtC40LfQsNGC0L7RgCDQt9Cw0LTQvdC40LkgSHl1bmRhaSBIRC03Mi8=;
NDQzMTIy;QjJD;0JHQsNGH0L7QuiDQvtC80YvQstCw0YLQtdC70Y8gSEQgNzI=;
NDQzMTIz;QjJD;0K3Qu9C10LzQtdC90YIg0YTQuNC70YzRgtGA0YPRjtGJ0LjQuSDQvNCw0YHQu9GP0L3Ri9C5IChoZDE3MCk=;
NDQzMTI0;QjJD;0JPQtdC90LXRgNCw0YLQvtGAIDM30JA=;
NDQ0MTU1;QjJD;0KLQvtGA0LzQvtC30L3QsNGPINC60LDQvNC10YDQsCDQt9Cw0LTQvdGP0Y8g0YEg0Y3QvdC10YDQs9C+0LDQutC60YPQvNGD0LvRj9GC0L7RgNC+0LwqICgg0LTQu9GPINCa0LDQvNCQ0JcgNTMyMCAp;
NDQ0MTU2;QjJD;0KLQvtGA0LzQvtC30L3QsNGPINC60LDQvNC10YDQsCDQt9Cw0LTQvdGP0Y8g0YEg0Y3QvdC10YDQs9C+0LDQutC60YPQvNGD0LvRj9GC0L7RgNC+0LwqICgg0LTQu9GPINCa0LDQvNCQ0JcgNDMxMCAp;
NDQ0MTU3;QjJD;0KLQvtGA0LzQvtC30L3QsNGPINC60LDQvNC10YDQsCDQt9Cw0LTQvdGP0Y8g0YEg0Y3QvdC10YDQs9C+0LDQutC60YPQvNGD0LvRj9GC0L7RgNC+0LwqICgg0LTQu9GPINCa0LDQvNCQ0JcgNjUyMCwg0J3QldCk0JDQlyAp;
NDQ2NzQ2;QjJD;0KHQutCw0LzQtdC50LrQsCA4LjE3;
NDU5MjMy;QjJD;0JzQtdCx0LXQu9GMINC00LvRjyDQs9C+0YHRgtC40L3QvtC5IDrQodGC0LXQu9C70LA=;
NDY4OTEx;QjJD;0JzQldCR0JXQm9CsINCU0JvQryDQntCk0JjQodCQ;
NDY4OTEz;QjJD;0JzQldCR0JXQm9CsINCU0JvQryDQlNCe0JzQkA==;
NDY4OTE0;QjJD;0JrQntCc0J/QrNCu0KLQldCg0J3QkNCvINCc0JXQkdCV0JvQrA==;
NDY4OTE1;QjJD;0KDQsNCx0L7Rh9C10LUg0LzQtdGB0YLQviDRgNGD0LrQvtCy0L7QtNC40YLQtdC70Y8=;
NDY4OTE3;QjJD;0KHRgtC10L3QutC4;
NDY4OTIx;QjJD;0JrQvtC80L7QtNGL;
NDY4OTIz;QjJD;0JrRgNC+0LLQsNGC0Lg=;
NDcwMzY0;QjJD;0JTQtdGC0YHQutC40LU=;
NDcwNTI5;QjJD;0KHRgtC+0LzQsNGC0L7Qu9C+0LPQuNGH0LXRgdC60LDRjyDRg9GB0YLQsNC90L7QstC60LAg0KHQkNCi0JLQkCDQmtCe0JzQkdCYINCaMTE=;
NDcwNTMw;QjJD;0KHRgtC+0LzQsNGC0L7Qu9C+0LPQuNGH0LXRgdC60LDRjyDRg9GB0YLQsNC90L7QstC60LAg0L3QsNCy0LXRgdC90L7Qs9C+INGC0LjQv9CwICDQodCQ0KLQktCQINCa0J7QnNCR0Jgg0J3Qkjc=;
NDcwNTMx;QjJD;0KHQoyAi0KHQkNCi0JLQkC3QmtCe0JzQkdCYIiDQojU=;
NDcwNTMy;QjJD;0KHRgtC+0LzQsNGC0L7Qu9C+0LPQuNGH0LXRgdC60LDRjyDRg9GB0YLQsNC90L7QstC60LAg0L3QsNC/0L7Qu9GM0L3QvtCz0L4g0YLQuNC/0LAgINCh0JDQotCS0JAg0JrQntCc0JHQmCDQojY=;
NDcwNTMz;QjJD;0J/QndCV0JLQnNCQ0KLQmNCn0JXQodCa0JDQryDQn9Ce0KDQotCQ0KLQmNCS0J3QkNCvINCj0KHQotCQ0J3QntCS0JrQkA==;
NDcwNTM0;QjJD;0JzQntCd0JjQotCe0KAgRFItMTc=;
NDcwNTQx;QjJD;0JDQn9Cf0JDQoNCQ0KIg0JTQm9CvINCe0JHQotCj0KDQkNCm0JjQmCDQmtCe0KDQndCV0JLQq9ClINCa0JDQndCQ0JvQntCSINCX0KPQkdCQINCg0JDQl9Ce0JPQoNCV0KLQntCZINCT0KPQotCi0JDQn9CV0KDQp9CV0Jkg0Jgg0K3QndCU0J7QkNCa0KLQmNCS0JDQptCY0Jg=;
NDcwNTQy;QjJD;0KTQmNCX0JjQntCU0JjQodCf0JXQndCh0JXQoCDQoUhJUk9QUk8gOTgw;
NDcwNTQz;QjJD;0J/QkNCd0J7QoNCQ0JzQndCr0Jkg0KDQldCd0KLQk9CV0J3QkNCf0J/QkNCg0JDQoiBQTEFOTUVDQSBQUk9MSU5FICjQn9Cb0JXQndCe0KfQndCQ0K8g0JLQldCg0KHQmNCvKQ==;
NDcwNTQ0;QjJD;0KPQu9GM0YLRgNCw0LfQstGD0LrQvtCy0L7QuSDQv9GM0LXQt9C+0LXQu9C10LrRgtGA0LjRh9C10YHQutC40Lkg0YHQutCw0LvQtdGAIMKrQk9OQVJUwrsgQVJULVAzSUk=;
NDQ2MDQ5;QjJD;0KDQr9CUINCU0JLQmNCT0JDQotCV0JvQldCZIDPQotCU;
NDQ2MDUw;QjJD;INCg0K/QlCDQlNCS0JjQk9CQ0KLQldCb0JXQmSA10KLQlA==;
NDQ2MDUz;QjJD;0KDQr9CUINCU0JLQmNCT0JDQotCV0JvQldCZIDbQotCU;
NDQ2MDY0;QjJD;0JTQuNC30LXQu9GMLdCz0LXQvdC10YDQsNGC0L7RgNGLIDE00JQxMDAsIDEz0JQxMDAsIDPQlDEwMA==;
NDYyMDE4;QjJD;0LHQtdC90LfQuNC9;
NDY3NDky;QjJD;0KLRgNCw0LrRgtC+0YAg0JHQtdC70LDRgNGD0YEgMzIwLjQ=;
NDY5OTAw;QjJD;U3V6dWtpIEdTWFIgNjAw;
